{
  "custom": {},
  "params": {
    "endDate": "",
    "module": "",
    "startDate": "",
    "today": ""
  },
  "propConfig": {
    "params.endDate": {
      "paramDirection": "input",
      "persistent": true
    },
    "params.module": {
      "paramDirection": "input",
      "persistent": true
    },
    "params.startDate": {
      "paramDirection": "input",
      "persistent": true
    },
    "params.today": {
      "paramDirection": "input",
      "persistent": true
    }
  },
  "props": {},
  "root": {
    "children": [
      {
        "events": {
          "dom": {
            "onClick": {
              "config": {
                "script": "\t# Load the component data\n\tmessage \u003d \u0027modeTimeline_load\u0027\n\tpayload \u003d {\n\t\t\t\u0027instanceID\u0027: self.props.params.instanceID\n\t\t\t}\n\tsystem.perspective.sendMessage(message, payload)"
              },
              "scope": "G",
              "type": "script"
            }
          }
        },
        "meta": {
          "name": "EmbeddedView"
        },
        "position": {
          "basis": "300px"
        },
        "propConfig": {
          "props.params.data": {
            "binding": {
              "config": {
                "bypassCache": true,
                "parameters": {
                  "max": "{view.params.endDate}",
                  "min": "{view.params.startDate}",
                  "module": "substring({view.params.module}, lastIndexOf({view.params.module}, \u0027/\u0027) + 1)"
                },
                "queryPath": "ribbon_data (1) (1) (1)",
                "returnFormat": "json"
              },
              "transforms": [
                {
                  "code": "\tfrom datetime import datetime\n\timport time\n\t\n\t# Variable / Object initializations\n\tdata \u003d {}\n\tevents \u003d []\n\tend \u003d 0\n\tlastString \u003d \u00270000000\u0027\n\tmodule \u003d \"\"\n\tmoduleDict \u003d {}\n\t# Loop through each query result and determine states\n\tfor fault in value:\n\t\t# Setup current module \n\t\tmodule \u003d fault[\"module_serial\"]\n\t\tactive_states \u003d []\n\t\tnew \u003d {}\n\t\tif end \u003d\u003d 0:\n\t\t\tend \u003d self.props.params.range.end\n\t\t\n\t\tlastString \u003d fault[\u0027curr_string\u0027]\n\t\tstart \u003d fault[\"t_stamp\"]\n\t\t# Determine active state\n\t\tif fault[\"running\"] \u003d\u003d 1:\n\t\t\tactive_states.append(\"RUNNING\")\n\t\tif fault[\"ready\"] \u003d\u003d 1:\n\t\t\tactive_states.append(\"READY\")\n\t\tif fault[\"blocked\"] \u003d\u003d 1:\n\t\t\tactive_states.append(\"BLOCKED\")\n\t\tif fault[\"faulted\"] \u003d\u003d 1:\n\t\t\tactive_states.append(\"FAULTED\")\n\t\tif fault[\"starved\"] \u003d\u003d 1:\n\t\t\tactive_states.append(\"STARVED\")\n\t\tif fault[\"paused\"] \u003d\u003d 1:\n\t\t\tactive_states.append(\"PAUSED\")\t\n\t\tif fault[\"jogging\"] \u003d\u003d 1:\n\t\t\tactive_states.append(\"JOGGING\")\n\t\t\n\t\t# Call method to enforce state stipulations\t\n\t\tstate_string \u003d states.setStateString(active_states)\n\t\t\n\t\t# Assign the start and end dates to the dictionary, as well as machine state\n\t\tnew \u003d {\"mode\": state_string, \"start\": start, \"end\": end }\n\t\t\t\n\t\tevents.append(new)\n\t\tend \u003d start\n\t\n\t# Update data for return\n\tmoduleDict.update({\"name\": module})\n\tmoduleDict.update({\"events\" : events})\t\n\tdata.update({module: moduleDict})\n\treturn data",
                  "type": "script"
                }
              ],
              "type": "query"
            },
            "onChange": {
              "enabled": false,
              "script": "\tmessage \u003d \u0027modeTimeline_load\u0027\n\tpayload \u003d {\n\t\t\t\u0027instanceID\u0027: self.getSibling(\"EmbeddedView\").props.params.instanceID\n\t\t\t\t\t\t\n\t}\n\tsystem.perspective.sendMessage(message, payload)"
            }
          },
          "props.params.range.end": {
            "binding": {
              "config": {
                "path": "view.params.endDate"
              },
              "transforms": [
                {
                  "code": "\t\n\ttoReturn \u003d system.date.toMillis(value)\n\treturn toReturn",
                  "type": "script"
                }
              ],
              "type": "property"
            }
          },
          "props.params.range.start": {
            "binding": {
              "config": {
                "path": "view.params.startDate"
              },
              "transforms": [
                {
                  "code": "\ttoReturn \u003d system.date.toMillis(value)\n\treturn toReturn",
                  "type": "script"
                }
              ],
              "type": "property"
            },
            "persistent": false
          }
        },
        "props": {
          "params": {
            "instanceID": "RW",
            "modes": [
              {
                "color": "#00AC00",
                "name": "RUNNING"
              },
              {
                "color": "#00D9D9",
                "name": "READY"
              },
              {
                "color": "#3366CC",
                "name": "BLOCKED"
              },
              {
                "color": "#EC1815",
                "name": "FAULTED"
              },
              {
                "color": "#555555",
                "name": "STARVED"
              },
              {
                "color": "#F07CAE",
                "name": "JOGGING"
              },
              {
                "color": "#FFAC47",
                "name": "PAUSED"
              }
            ],
            "range": {},
            "update": {
              "onChange": true
            }
          },
          "path": "Ribbon Chart/Template",
          "style": {
            "overflow": "visible"
          }
        },
        "type": "ia.display.view"
      }
    ],
    "meta": {
      "name": "root"
    },
    "props": {
      "direction": "column",
      "justify": "space-evenly"
    },
    "type": "ia.container.flex"
  }
}