{
  "custom": {},
  "params": {
    "module": "[MQTT Engine]Edge Nodes/Machines/BedfordPaper/NG4232622/EquipmentModules/RW17-00044"
  },
  "propConfig": {
    "params.module": {
      "paramDirection": "input",
      "persistent": true
    }
  },
  "props": {
    "loading": {
      "mode": "blocking"
    }
  },
  "root": {
    "children": [
      {
        "children": [
          {
            "meta": {
              "name": "BarChartView"
            },
            "propConfig": {
              "props.params.endDate": {
                "binding": {
                  "config": {
                    "path": ".../DatePickerContainer/EmbeddedView.props.params.endDate"
                  },
                  "type": "property"
                }
              },
              "props.params.module": {
                "binding": {
                  "config": {
                    "path": "view.params.module"
                  },
                  "type": "property"
                }
              },
              "props.params.startDate": {
                "binding": {
                  "config": {
                    "path": ".../DatePickerContainer/EmbeddedView.props.params.startDate"
                  },
                  "type": "property"
                }
              }
            },
            "props": {
              "path": "DataViews/BarChart"
            },
            "type": "ia.display.view"
          },
          {
            "meta": {
              "name": "RibbonChartView"
            },
            "position": {
              "tabIndex": 1
            },
            "propConfig": {
              "props.params.endDate": {
                "binding": {
                  "config": {
                    "path": ".../DatePickerContainer/EmbeddedView.props.params.endDate"
                  },
                  "type": "property"
                }
              },
              "props.params.module": {
                "binding": {
                  "config": {
                    "path": "view.params.module"
                  },
                  "type": "property"
                }
              },
              "props.params.startDate": {
                "binding": {
                  "config": {
                    "path": ".../DatePickerContainer/EmbeddedView.props.params.startDate"
                  },
                  "type": "property"
                }
              },
              "props.params.today": {
                "binding": {
                  "config": {
                    "expression": "now()"
                  },
                  "transforms": [
                    {
                      "code": "\treturn system.date.toMillis(value)",
                      "type": "script"
                    }
                  ],
                  "type": "expr"
                }
              }
            },
            "props": {
              "path": "DataViews/RibbonChart"
            },
            "type": "ia.display.view"
          },
          {
            "meta": {
              "name": "TotalRibbonView"
            },
            "position": {
              "tabIndex": 2
            },
            "propConfig": {
              "props.params.module": {
                "binding": {
                  "config": {
                    "path": "view.params.module"
                  },
                  "type": "property"
                }
              },
              "props.params.today": {
                "binding": {
                  "config": {
                    "expression": "now()"
                  },
                  "transforms": [
                    {
                      "code": "\treturn system.date.toMillis(value)",
                      "type": "script"
                    }
                  ],
                  "type": "expr"
                }
              }
            },
            "props": {
              "path": "DataViews/WeeklyChart"
            },
            "type": "ia.display.view"
          }
        ],
        "meta": {
          "name": "root"
        },
        "position": {
          "basis": "682px"
        },
        "props": {
          "tabs": [
            "Bar Chart\n",
            "Ribbon Chart",
            "Weekly Chart"
          ]
        },
        "type": "ia.container.tab"
      },
      {
        "children": [
          {
            "meta": {
              "name": "EmbeddedView"
            },
            "position": {
              "basis": "660px"
            },
            "props": {
              "params": {
                "endDate": {
                  "$": [
                    "ts",
                    192,
                    1597847222334
                  ],
                  "$ts": 1597847222334
                },
                "startDate": {
                  "$": [
                    "ts",
                    192,
                    1597847222334
                  ],
                  "$ts": 1597726800000
                }
              },
              "path": "Reusable/DatePicker"
            },
            "type": "ia.display.view"
          }
        ],
        "meta": {
          "name": "DatePickerContainer"
        },
        "position": {
          "basis": "118px"
        },
        "propConfig": {
          "position.display": {
            "binding": {
              "config": {
                "path": "../root.props.currentTabIndex"
              },
              "transforms": [
                {
                  "code": "\tif value \u003d\u003d 2:\n\t\treturn False\n\treturn True",
                  "type": "script"
                }
              ],
              "type": "property"
            }
          }
        },
        "props": {
          "justify": "space-around"
        },
        "type": "ia.container.flex"
      }
    ],
    "meta": {
      "name": "root"
    },
    "props": {
      "direction": "column"
    },
    "type": "ia.container.flex"
  }
}