{
  "custom": {},
  "params": {
    "module": "[MQTT Engine]Edge Nodes/Machines/BedfordPaper/NG4232622/EquipmentModules/RW17-00044",
    "today": 1597694836579
  },
  "propConfig": {
    "params.module": {
      "paramDirection": "input",
      "persistent": true
    },
    "params.today": {
      "binding": {
        "config": {
          "expression": "toMillis(now(60000)) - 24*3600*1000"
        },
        "transforms": [
          {
            "code": "\tlogger \u003d system.util.getLogger(\"logger\")\n\tlogger.info(\"\u0027today\u0027 Binding updated to \" + str(value))\n\treturn value",
            "type": "script"
          }
        ],
        "type": "expr"
      },
      "onChange": {
        "enabled": null,
        "script": "\tself.getChild(\u0027root\u0027).getChild(\u0027EmbeddedView\u0027).refreshBinding(\"props.params.range.end\")"
      },
      "paramDirection": "inout",
      "persistent": true
    }
  },
  "props": {},
  "root": {
    "children": [
      {
        "events": {
          "dom": {
            "onClick": {
              "config": {
                "script": "\t# Load the component data\n\tmessage \u003d \u0027modeTimeline_load\u0027\n\tpayload \u003d {\n\t\t\t\u0027instanceID\u0027: self.props.params.instanceID\n\t\t\t}\n\tsystem.perspective.sendMessage(message, payload)"
              },
              "scope": "G",
              "type": "script"
            }
          }
        },
        "meta": {
          "name": "EmbeddedView"
        },
        "position": {
          "basis": "200px"
        },
        "propConfig": {
          "props.params.data": {
            "binding": {
              "config": {
                "bypassCache": true,
                "parameters": {
                  "max": "{this.props.params.range.end}",
                  "min": "{this.props.params.range.start}",
                  "module": "substring({view.params.module}, lastIndexOf({view.params.module}, \u0027/\u0027) + 1)"
                },
                "queryPath": "ribbon_data (1) (1) (1)",
                "returnFormat": "json"
              },
              "transforms": [
                {
                  "code": "\tfrom datetime import datetime\n\timport time\n\tlogger \u003d system.util.getLogger(\"logger\")\n\t\n\tdata \u003d {}\n\tevents \u003d []\n\tend \u003d 0\n\tlastString \u003d \u00270000000\u0027\n\tmodule \u003d \"\"\n\tmoduleDict \u003d {}\n\tfor fault in value:\n\t\tmodule \u003d fault[\"module_serial\"]\n\t\tactive_states \u003d []\n\t\tnew \u003d {}\n\t\tif end \u003d\u003d 0:\n\t\t\tend \u003d self.props.params.range.end\n\t\t\n\t\tlastString \u003d fault[\u0027curr_string\u0027]\n\t\tstart \u003d fault[\"t_stamp\"]\n\t\tif fault[\"running\"] \u003d\u003d 1:\n\t\t\tactive_states.append(\"RUNNING\")\n\t\tif fault[\"ready\"] \u003d\u003d 1:\n\t\t\tactive_states.append(\"READY\")\n\t\tif fault[\"blocked\"] \u003d\u003d 1:\n\t\t\tactive_states.append(\"BLOCKED\")\n\t\tif fault[\"faulted\"] \u003d\u003d 1:\n\t\t\tactive_states.append(\"FAULTED\")\n\t\tif fault[\"starved\"] \u003d\u003d 1:\n\t\t\tactive_states.append(\"STARVED\")\n\t\t\t\n\t\tif fault[\"paused\"] \u003d\u003d 1:\n\t\t\tactive_states.append(\"PAUSED\")\t\n\t\tif fault[\"jogging\"] \u003d\u003d 1:\n\t\t\tactive_states.append(\"JOGGING\")\n\t\t\t\n\t\tstate_string \u003d states.setStateString(active_states)\n\t\t\n\t\tnew \u003d {\"mode\": state_string, \"start\": start, \"end\": end }\n\t\t\t\n\t\tevents.append(new)\n\t\tend \u003d start\n\tmoduleDict.update({\"name\": module})\n\tmoduleDict.update({\"events\" : events})\t\n\tdata.update({module: moduleDict})\n\tlogger.info(\"QUERY FIRED - \" + str(self.props.params.range.start) + \" to \" + str(self.props.params.range.end) + \" length \" + str(len(moduleDict[\"events\"])))\n\treturn data",
                  "type": "script"
                }
              ],
              "type": "query"
            },
            "onChange": {
              "enabled": false,
              "script": "\tmessage \u003d \u0027modeTimeline_load\u0027\n\tpayload \u003d {\n\t\t\t\u0027instanceID\u0027: self.getSibling(\"EmbeddedView\").props.params.instanceID\n\t\t\t\t\t\t\n\t}\n\tsystem.perspective.sendMessage(message, payload)"
            }
          },
          "props.params.range.end": {
            "binding": {
              "config": {
                "path": "../EmbeddedDropdown.props.params.endDate"
              },
              "transforms": [
                {
                  "code": "\t\n\tself.getSibling(\"Checkbox\").props.selected\n\tfromDropdown \u003d system.date.toMillis(value)  - 24 * 60 * 60 * 1000\n\tif self.getSibling(\"Checkbox\").props.selected:\n\t\ttoReturn \u003d self.view.params.today\n\telse:\n\t\ttoReturn \u003d fromDropdown\n\treturn toReturn",
                  "type": "script"
                }
              ],
              "type": "property"
            }
          },
          "props.params.range.start": {
            "binding": {
              "config": {
                "path": "../EmbeddedDropdown.props.params.startDate"
              },
              "transforms": [
                {
                  "code": "\ttoReturn \u003d system.date.toMillis(value)  - 24 * 60 * 60 * 1000\n\treturn toReturn",
                  "type": "script"
                }
              ],
              "type": "property"
            },
            "persistent": false
          }
        },
        "props": {
          "params": {
            "instanceID": "RW",
            "modes": [
              {
                "color": "#00AC00",
                "name": "RUNNING"
              },
              {
                "color": "#00D9D9",
                "name": "READY"
              },
              {
                "color": "#3366CC",
                "name": "BLOCKED"
              },
              {
                "color": "#EC1815",
                "name": "FAULTED"
              },
              {
                "color": "#555555",
                "name": "STARVED"
              },
              {
                "color": "#F07CAE",
                "name": "JOGGING"
              },
              {
                "color": "#FFAC47",
                "name": "PAUSED"
              }
            ],
            "range": {},
            "update": {
              "onChange": true
            }
          },
          "path": "Ribbon Chart/Template",
          "style": {
            "overflow": "visible"
          }
        },
        "scripts": {
          "customMethods": [],
          "messageHandlers": [
            {
              "messageType": "range_update",
              "pageScope": false,
              "script": "\t\n\t",
              "sessionScope": false,
              "viewScope": false
            }
          ]
        },
        "type": "ia.display.view"
      },
      {
        "events": {
          "component": {
            "onActionPerformed": {
              "config": {
                "script": "\tsystem.perspective.sendMessage(\"range_update\")"
              },
              "enabled": false,
              "scope": "G",
              "type": "script"
            }
          }
        },
        "meta": {
          "name": "Checkbox"
        },
        "position": {
          "basis": "36px"
        },
        "props": {
          "text": "Update Automatically"
        },
        "type": "ia.input.checkbox"
      },
      {
        "events": {
          "component": {
            "onActionPerformed": {
              "config": {
                "script": "\t#system.perspective.sendMessage(\"range_update\")\n\tmessage \u003d \u0027modeTimeline_load\u0027\n\tpayload \u003d {\n\t\t\t\u0027instanceID\u0027: self.getSibling(\"EmbeddedView\").props.params.instanceID\n\t\t\t\n\t}\n\tsystem.perspective.sendMessage(message, payload)\n\t"
              },
              "scope": "G",
              "type": "script"
            }
          }
        },
        "meta": {
          "name": "Load Button"
        },
        "position": {
          "basis": "44px"
        },
        "props": {
          "text": "Load Component"
        },
        "type": "ia.input.button"
      },
      {
        "events": {
          "component": {
            "onActionPerformed": {
              "config": {
                "script": "\tmessage \u003d \u0027modeTimeline_unload\u0027\n\tpayload \u003d {\n\t\t\t\u0027instanceID\u0027: self.getSibling(\"EmbeddedView\").props.params.instanceID\n\t}\n\tsystem.perspective.sendMessage(message, payload)\n\t"
              },
              "scope": "G",
              "type": "script"
            }
          }
        },
        "meta": {
          "name": "Unload Button"
        },
        "position": {
          "basis": "44px"
        },
        "props": {
          "text": "Unload Component"
        },
        "type": "ia.input.button"
      },
      {
        "events": {
          "component": {
            "onActionPerformed": [
              {
                "config": {
                  "script": "\t\n\tcurr_drop \u003d self.props.value\n\tif curr_drop \u003d\u003d 1 or curr_drop \u003d\u003d 0:\n\t\tsystem.perspective.sendMessage(\"range_update\")\n\t\n\t"
                },
                "scope": "G",
                "type": "script"
              },
              {
                "config": {
                  "script": "\tmessage \u003d \u0027modeTimeline_load\u0027\n\tpayload \u003d {\n\t\t\t\u0027instanceID\u0027: self.getSibling(\"EmbeddedView\").props.params.instanceID\n\t\t\t\t\n\t}\n\tsystem.perspective.sendMessage(message, payload)"
                },
                "enabled": false,
                "scope": "G",
                "type": "script"
              }
            ]
          }
        },
        "meta": {
          "name": "Dropdown"
        },
        "position": {
          "basis": "36px",
          "display": false
        },
        "props": {
          "options": [
            {
              "label": "Past Day",
              "value": 0
            },
            {
              "label": "Past week",
              "value": 1
            },
            {
              "label": "Custom",
              "value": 2
            }
          ],
          "value": 1
        },
        "type": "ia.input.dropdown"
      },
      {
        "children": [
          {
            "meta": {
              "name": "Label"
            },
            "position": {
              "basis": "50px"
            },
            "props": {
              "text": "From"
            },
            "type": "ia.display.label"
          },
          {
            "meta": {
              "name": "DateTimeInput"
            },
            "position": {
              "basis": "250px"
            },
            "type": "ia.input.date-time-input"
          },
          {
            "meta": {
              "name": "Label_0"
            },
            "position": {
              "basis": "50px"
            },
            "props": {
              "text": "To"
            },
            "type": "ia.display.label"
          },
          {
            "events": {
              "component": {
                "onActionPerformed": {
                  "config": {
                    "script": "\tlogger \u003d system.util.getLogger(\"logger\")\n\t\n\tif self.props.value !\u003d None and self.getSibling(\"DateTimeInput\").props.value !\u003d None:\n\t\tlogger.info(\"TOOK IF ON DATE SELECTOR\")\n\t\tsystem.perspective.sendMessage(\"range-update\")"
                  },
                  "scope": "G",
                  "type": "script"
                }
              }
            },
            "meta": {
              "name": "DateTimeInput_0"
            },
            "position": {
              "basis": "250px"
            },
            "type": "ia.input.date-time-input"
          }
        ],
        "meta": {
          "name": "FlexContainer"
        },
        "position": {
          "basis": "100px"
        },
        "propConfig": {
          "meta.visible": {
            "binding": {
              "config": {
                "path": "this.position.display"
              },
              "type": "property"
            }
          },
          "position.display": {
            "binding": {
              "config": {
                "path": "../Dropdown.props.value"
              },
              "transforms": [
                {
                  "code": "\t\n\tif value \u003d\u003d 2:\n\t\tvisible \u003d True\n\telse:\n\t\tvisible \u003d False\n\treturn visible",
                  "type": "script"
                }
              ],
              "type": "property"
            }
          }
        },
        "props": {
          "alignItems": "center",
          "justify": "space-around"
        },
        "type": "ia.container.flex"
      },
      {
        "meta": {
          "name": "EmbeddedDropdown"
        },
        "position": {
          "basis": "100px"
        },
        "props": {
          "params": {
            "endDate": {
              "$": [
                "ts",
                192,
                1597777041072
              ],
              "$ts": 1597777041072
            },
            "startDate": {
              "$": [
                "ts",
                192,
                1597777041071
              ],
              "$ts": 1597640400000
            }
          },
          "path": "Reusable/DatePicker"
        },
        "scripts": {
          "customMethods": [],
          "messageHandlers": [
            {
              "messageType": "range_update",
              "pageScope": false,
              "script": "\tself.refreshBinding(\"props.params.endDate\")",
              "sessionScope": false,
              "viewScope": false
            }
          ]
        },
        "type": "ia.display.view"
      },
      {
        "meta": {
          "name": "PieChart"
        },
        "position": {
          "basis": "375px",
          "display": false
        },
        "propConfig": {
          "props.data": {
            "binding": {
              "config": {
                "path": "../EmbeddedView.props.params.data"
              },
              "transforms": [
                {
                  "code": "\tdata \u003d []\n\tcount \u003d {}\n\tfor item in value[\u0027RW17-00044\u0027][\u0027events\u0027]:\n\t\tbetween \u003d 0\n\t\tif item[\u0027mode\u0027] not in count.keys():\n\t\t\tcount.update({item[\u0027mode\u0027]: 0})\n\t\tstart \u003d system.date.fromMillis(item[\u0027start\u0027])\n\t\tend \u003d system.date.fromMillis(item[\u0027end\u0027])\n\t\ttimeBetween \u003d system.date.minutesBetween(start, end)\n\t\tcount[item[\u0027mode\u0027]] \u003d count[item[\u0027mode\u0027]] + timeBetween\n\t\t\n\tstates \u003d self.getSibling(\"EmbeddedView\").props.params.modes\n\tfor state in states:\n\t\tif state[\u0027name\u0027] in count.keys():\n\t\t\ttemp \u003d {\u0027state\u0027 : state[\u0027name\u0027], \u0027count\u0027: count[state[\u0027name\u0027]]}\n\t\t\tdata.append(temp)\n\treturn data",
                  "type": "script"
                }
              ],
              "type": "property"
            }
          }
        },
        "props": {
          "colors": [
            "#00AC00",
            "#00D9D9",
            "#3366CC",
            "#EC1815",
            "#555555",
            "#F07CAE",
            "#FFAC47"
          ],
          "title": "Minutes in Each State",
          "valueFormat": {
            "showValueAsPercent": false
          }
        },
        "type": "ia.chart.pie"
      },
      {
        "meta": {
          "name": "Table"
        },
        "position": {
          "basis": "400px",
          "grow": 1
        },
        "propConfig": {
          "props.data": {
            "binding": {
              "config": {
                "parameters": {
                  "endDate": "{view.params.today} ",
                  "startDate": "{view.params.today} - 60 * 60 * 1000 * 24 * 60"
                },
                "queryPath": "Ribbon_total_Query",
                "returnFormat": "json"
              },
              "transforms": [
                {
                  "code": "\tnewData \u003d []\n\tstateList \u003d {\u0027blocked\u0027: 0, \u0027starved\u0027: 0, \u0027faulted\u0027: 0, \u0027jogging\u0027: 0, \u0027running\u0027: 0, \u0027ready\u0027: 0}\n\tlogger \u003d system.util.getLogger(\u0027logger\u0027)\n\tlogger.info(\"First Transform incoming value: \" + str(value))\n\tif len(value) \u003d\u003d 0:\n\t\treturn []\n\t\n\tcurrentDateTime \u003d value[0][\u0027t_stamp\u0027]\n\tcurrentState \u003d value[0]\n\tcurrentDate \u003d value[0][\u0027US_date\u0027]\n\tlastState \u003d None\n\tminutesBetweenLast \u003d 0\n\tminutesBetweenFirst \u003d 0\n\t\n\tfor currentEntry in value:\n\t\txcurrentDate \u003d currentEntry[\u0027US_date\u0027]\t\n\t\tif xcurrentDate \u003d\u003d currentDate:\n\t\t\tlastState \u003d currentEntry\n\t\t\tif currentEntry[\u0027next_date\u0027] \u003d\u003d None:\n\t\t\t\tstateList[\u0027t_stamp\u0027] \u003d currentDate\n\t\t\t\tnewData.append(stateList)\n\t\t\t\tbreak\n\t\t\tif xcurrentDate \u003d\u003d currentEntry[\u0027next_date\u0027]:\n\t\t\t\tstateList \u003d BarChartMethods.stateTime(currentEntry, stateList, currentEntry[\u0027time_diff_minutes\u0027])\n\t\t\telse:\n\t\t\t\tif currentEntry[\u0027time_diff_minutes\u0027] \u003d\u003d None:\n\t\t\t\t\tbreak\n\t\t\t\telse:\n\t\t\t\t\tcurrentDateTimeObject \u003d system.date.fromMillis(currentEntry[\u0027t_stamp\u0027])\n\t\t\t\t\tnextMidnightDateTimeObject \u003d system.date.fromMillis(currentEntry[\u0027nextMidnight\u0027])\n\t\t\t\t\tminutesBetweenLast \u003d system.date.secondsBetween(currentDateTimeObject, nextMidnightDateTimeObject)\n\t\t\t\t\tstateList \u003d BarChartMethods.stateTime(currentEntry, stateList, minutesBetweenLast)\t\n\t\telse:\n\t\t\tif currentEntry[\u0027time_diff_minutes\u0027] \u003d\u003d None:\n\t\t\t\tbreak\n\t\t\t\t\n\t\t\tnewData.append({\u0027t_stamp\u0027: currentDate, \u0027running\u0027:stateList[\u0027running\u0027], \u0027ready\u0027: stateList[\u0027ready\u0027], \u0027jogging\u0027:stateList[\u0027jogging\u0027], \u0027blocked\u0027:stateList[\u0027blocked\u0027], \u0027starved\u0027:stateList[\u0027starved\u0027], \u0027faulted\u0027:stateList[\u0027faulted\u0027]})\n\t\t\tstateList \u003d dict.fromkeys(stateList, 0)\n\t\t\t\n\t\t\tcurrentDateTimeObject \u003d system.date.fromMillis(currentEntry[\u0027t_stamp\u0027])\n\t\t\tmidnightDateTimeObject \u003d system.date.fromMillis(currentEntry[\u0027midnight\u0027])\n\t\t\tminutesBetweenFirst \u003d system.date.secondsBetween(midnightDateTimeObject, currentDateTimeObject)\n\t\t\t\n\t\t\tstateList \u003d BarChartMethods.stateTime(lastState, stateList, minutesBetweenFirst)\n\t\t\n\t\t\tstateList \u003d BarChartMethods.stateTime(currentEntry, stateList, currentEntry[\u0027time_diff_minutes\u0027])\n\t\t\t\n\t\t\tlastState \u003d currentEntry\n\t\t\tcurrentState \u003d currentEntry\n\t\t\tcurrentDate \u003d xcurrentDate\n\t\t\tcurrentDateTime \u003d currentEntry[\u0027t_stamp\u0027]\n\t\t\t\n\treturn newData",
                  "type": "script"
                },
                {
                  "code": "\t\n\timport datetime\n\tlogger \u003d system.util.getLogger(\u0027logger\u0027)\n\tlogger.info(\"THE DATA BINDING FOR TOTAL RIBBON IN CHART\")\n\tlogger.info(\"VALUE: \" + str(value))\n\tlastMonth \u003d []\n\ttoday \u003d self.view.params.today / 1000\n\ttodayDatetime \u003d datetime.date.fromtimestamp(today)\n\tlogger.info(str(todayDatetime))\n\tdayOfWeek \u003d todayDatetime.weekday()\n\tcount \u003d 0\n\twhile count \u003c 5:\n\t\tstartOfWeek \u003d todayDatetime - datetime.timedelta(days \u003d ((dayOfWeek + 1) +  7 * count))\n\t\tendOfWeek \u003d startOfWeek + datetime.timedelta(days\u003d 7 )\n\t\tcurrWeek \u003d {count: {\u0027start\u0027: startOfWeek, \u0027end\u0027: endOfWeek }}\n\t\tlastMonth.append(currWeek)\n\t\tcount \u003d count + 1\n\tweekTotals \u003d []\n\t\n\tfor week in lastMonth:\n\t\tweekTotals.append({\u0027RUNNING\u0027: 0, \u0027READY\u0027: 0, \u0027BLOCKED\u0027: 0, \u0027FAULTED\u0027: 0, \u0027STARVED\u0027: 0, \u0027JOGGING\u0027: 0, \u0027MODULE\u0027: \u0027RW\u0027})\n\t\t\n\t#weekTotals \u003d {\u0027RUNNING\u0027: 0, \u0027READY\u0027: 0, \u0027BLOCKED\u0027: 0, \u0027FAULTED\u0027: 0, \u0027STARVED\u0027: 0, \u0027JOGGING\u0027: 0}\n\tfor day in value:\n\t\tweekNum \u003d 0\n\t\tdate \u003d datetime.datetime.strptime(day[\u0027t_stamp\u0027], \"%m/%d/%Y\").date()\n\t\tlogger.info(str(date)) \n\t\tfor week in lastMonth:\n\t\t\t\n\t\t\tif week[weekNum][\u0027start\u0027] \u003c\u003d date \u003c\u003d week[weekNum][\u0027end\u0027]:\n\t\t\t\t\t\t\tweekTotals[weekNum][\u0027RUNNING\u0027] +\u003d day[\u0027running\u0027]\n\t\t\t\t\t\t\tweekTotals[weekNum][\u0027READY\u0027] +\u003d day[\u0027ready\u0027]\n\t\t\t\t\t\t\tweekTotals[weekNum][\u0027BLOCKED\u0027] +\u003d day[\u0027blocked\u0027]\n\t\t\t\t\t\t\tweekTotals[weekNum][\u0027FAULTED\u0027] +\u003d day[\u0027faulted\u0027]\n\t\t\t\t\t\t\tweekTotals[weekNum][\u0027STARVED\u0027] +\u003d day[\u0027starved\u0027]\n\t\t\t\t\t\t\tweekTotals[weekNum][\u0027JOGGING\u0027] +\u003d day[\u0027jogging\u0027]\n\t\t\t\t\t\t\t#logger.info(str(date) + \" corresponds to week number:  \" + str(weekNum))\n\t\t\t\t\t\t\tweekNum \u003d weekNum + 1\n\t\t\t\t\t\t\tbreak\n\t\t\tweekNum \u003d weekNum + 1\n\ttoReturn \u003d []\n\tweekNum \u003d 0\n\tfor week in lastMonth:\n\t\trowData \u003d {}\n\t\t\n\t\tstartString \u003d week[weekNum][\u0027start\u0027].strftime(\u0027%m/%d\u0027)\n\t\tendString \u003d week[weekNum][\u0027end\u0027].strftime(\u0027%m/%d\u0027)\n\t\tweekString \u003d startString + \" - \" + endString \n\t\t\n\t\trowData \u003d {\u0027week\u0027 : weekString, \u0027data\u0027 : [weekTotals[weekNum]]}\n\t\ttoReturn.append(rowData)\n\t\tweekNum \u003d weekNum + 1\n\t\n\t\n\treturn toReturn",
                  "type": "script"
                }
              ],
              "type": "query"
            }
          }
        },
        "props": {
          "columns": [
            {
              "align": "center",
              "boolean": "checkbox",
              "dateFormat": "MM/DD/YYYY",
              "editable": false,
              "field": "Week",
              "footer": {
                "align": "center",
                "justify": "left",
                "style": {
                  "classes": ""
                },
                "title": ""
              },
              "header": {
                "align": "center",
                "justify": "left",
                "style": {
                  "classes": ""
                },
                "title": ""
              },
              "justify": "auto",
              "number": "value",
              "numberFormat": "0,0.##",
              "progressBar": {
                "bar": {
                  "color": "#62A3F6",
                  "linecap": "round",
                  "width": 5
                },
                "max": 100,
                "track": {
                  "color": "#DADADA",
                  "linecap": "round",
                  "width": 2
                },
                "value": {
                  "color": "#7D7D7D",
                  "show": true
                }
              },
              "render": "auto",
              "resizable": true,
              "sort": "none",
              "sortable": false,
              "strictWidth": false,
              "style": {
                "classes": ""
              },
              "toggleSwitch": {
                "color": {
                  "selected": "#2196F3",
                  "unselected": "#FFFFFF"
                }
              },
              "viewParams": {},
              "viewPath": "",
              "visible": true,
              "width": 20
            },
            {
              "align": "center",
              "boolean": "checkbox",
              "dateFormat": "MM/DD/YYYY",
              "editable": false,
              "field": "data",
              "footer": {
                "align": "center",
                "justify": "left",
                "style": {
                  "classes": ""
                },
                "title": ""
              },
              "header": {
                "align": "center",
                "justify": "left",
                "style": {
                  "classes": ""
                },
                "title": ""
              },
              "justify": "auto",
              "number": "value",
              "numberFormat": "0,0.##",
              "progressBar": {
                "bar": {
                  "color": "#62A3F6",
                  "linecap": "round",
                  "width": 5
                },
                "max": 100,
                "track": {
                  "color": "#DADADA",
                  "linecap": "round",
                  "width": 2
                },
                "value": {
                  "color": "#7D7D7D",
                  "show": true
                }
              },
              "render": "view",
              "resizable": true,
              "sort": "none",
              "sortable": false,
              "strictWidth": false,
              "style": {
                "classes": ""
              },
              "toggleSwitch": {
                "color": {
                  "selected": "#2196F3",
                  "unselected": "#FFFFFF"
                }
              },
              "viewParams": {},
              "viewPath": "Ribbon Chart/TotalRibbon",
              "visible": true,
              "width": 500
            }
          ]
        },
        "type": "ia.display.table"
      }
    ],
    "meta": {
      "name": "root"
    },
    "props": {
      "direction": "column"
    },
    "type": "ia.container.flex"
  }
}