{
  "custom": {},
  "params": {
    "endDate": {
      "$": [
        "ts",
        0,
        1597257003043
      ],
      "$ts": 1597251600000
    },
    "startDate": {
      "$": [
        "ts",
        192,
        1597256983433
      ],
      "$ts": 1597122000000
    }
  },
  "propConfig": {
    "params.endDate": {
      "binding": {
        "config": {
          "path": "/root/End Date/Date.props.value"
        },
        "type": "property"
      },
      "paramDirection": "output",
      "persistent": true
    },
    "params.startDate": {
      "binding": {
        "config": {
          "path": "/root/Start Date/Date.props.value"
        },
        "type": "property"
      },
      "paramDirection": "output",
      "persistent": true
    }
  },
  "props": {
    "defaultSize": {
      "height": 75
    }
  },
  "root": {
    "children": [
      {
        "children": [
          {
            "meta": {
              "hasDelegate": true,
              "name": "Label"
            },
            "position": {
              "basis": "25px"
            },
            "props": {
              "alignVertical": "center",
              "classes": "",
              "style": {
                "fontSize": "20px",
                "textAlign": "center"
              },
              "text": "Date Range"
            },
            "type": "ia.display.label"
          },
          {
            "meta": {
              "name": "Dropdown"
            },
            "position": {
              "basis": "35px"
            },
            "props": {
              "options": [
                {
                  "label": "Past Day",
                  "value": "day"
                },
                {
                  "label": "Past Week",
                  "value": "week"
                },
                {
                  "label": "Past Month",
                  "value": "month"
                },
                {
                  "label": "All Time",
                  "value": "alltime"
                },
                {
                  "label": "Custom",
                  "value": "custom"
                }
              ],
              "placeholder": {
                "text": "Date range"
              },
              "search": {
                "enabled": false
              },
              "style": {
                "borderRadius": "4px"
              },
              "value": "custom"
            },
            "type": "ia.input.dropdown"
          }
        ],
        "meta": {
          "name": "Date Range"
        },
        "position": {
          "basis": "200px"
        },
        "props": {
          "direction": "column",
          "justify": "space-evenly",
          "style": {
            "marginRight": "10px",
            "overflow": "hidden"
          }
        },
        "type": "ia.container.flex"
      },
      {
        "children": [
          {
            "meta": {
              "hasDelegate": true,
              "name": "Label"
            },
            "position": {
              "basis": "25px"
            },
            "props": {
              "alignVertical": "center",
              "style": {
                "classes": "Form_Label"
              },
              "text": "Start Date"
            },
            "type": "ia.display.label"
          },
          {
            "meta": {
              "name": "Date"
            },
            "position": {
              "basis": "36px"
            },
            "propConfig": {
              "custom.dateStr": {
                "binding": {
                  "config": {
                    "path": "this.props.value"
                  },
                  "transforms": [
                    {
                      "code": "\tfrom java.util import Date\n\tdatestr \u003d system.date.format(Date(str(value)), \"yyyy-MM-dd HH:mm:ss\")\n\tself.session.custom.faStartDate \u003d datestr\n\treturn datestr ",
                      "type": "script"
                    }
                  ],
                  "type": "property"
                }
              },
              "props.enabled": {
                "binding": {
                  "config": {
                    "expression": "{../../Date Range/Dropdown.props.value}\u003d\"custom\""
                  },
                  "type": "expr"
                }
              },
              "props.value": {
                "binding": {
                  "config": {
                    "expression": "switch({.../Date Range/Dropdown.props.value},\r\n\"day\", \"week\", \"month\", \"alltime\", \"custom\", // possible values\r\ntoDate(dateFormat(dateArithmetic(now(0),-24,\"hour\"), \"yyyy-MM-dd 00:00:00\")),\r\ntoDate(dateFormat(dateArithmetic(now(0),-7,\"day\"), \"yyyy-MM-dd 00:00:00\")),\r\ntoDate(dateFormat(dateArithmetic(now(0),-1,\"month\"), \"yyyy-MM-dd 00:00:00\")),\r\ntoDate(\"01/01/1970\"),\r\ntoDate(dateFormat(dateArithmetic(now(0),-24,\"hour\"), \"yyyy-MM-dd 00:00:00\")),\r\ntoDate(dateFormat(dateArithmetic(now(0),-24,\"hour\"), \"yyyy-MM-dd 00:00:00\")))"
                  },
                  "type": "expr"
                }
              }
            },
            "props": {
              "format": "MM/DD/YYYY",
              "formattedValues": {
                "date": "08/11/2020"
              },
              "pickerType": "date",
              "style": {
                "borderRadius": "4px"
              }
            },
            "type": "ia.input.date-time-input"
          }
        ],
        "meta": {
          "name": "Start Date"
        },
        "position": {
          "basis": "135px",
          "grow": 1
        },
        "propConfig": {
          "meta.visible": {
            "binding": {
              "config": {
                "expression": "{../Date Range/Dropdown.props.value}\u003d\"custom\""
              },
              "enabled": false,
              "type": "expr"
            }
          },
          "position.display": {
            "binding": {
              "config": {
                "expression": "{../Date Range/Dropdown.props.value}\u003d\"custom\""
              },
              "enabled": false,
              "type": "expr"
            }
          }
        },
        "props": {
          "direction": "column",
          "justify": "space-evenly",
          "style": {
            "marginRight": "10px",
            "overflow": "hidden"
          }
        },
        "type": "ia.container.flex"
      },
      {
        "children": [
          {
            "meta": {
              "hasDelegate": true,
              "name": "Label"
            },
            "position": {
              "basis": "25px"
            },
            "props": {
              "alignVertical": "center",
              "style": {
                "classes": "Form_Label",
                "marginBottom": "5px"
              },
              "text": "End Date"
            },
            "type": "ia.display.label"
          },
          {
            "meta": {
              "name": "Date"
            },
            "position": {
              "basis": "36px"
            },
            "propConfig": {
              "custom.dateStr": {
                "binding": {
                  "config": {
                    "path": "this.props.value"
                  },
                  "transforms": [
                    {
                      "code": "\tfrom java.util import Date\n\tdatestr \u003d system.date.format(Date(str(value)), \"yyyy-MM-dd HH:mm:ss\")\n\tself.session.custom.faEndDate \u003d datestr\n\treturn datestr",
                      "type": "script"
                    }
                  ],
                  "type": "property"
                }
              },
              "props.enabled": {
                "binding": {
                  "config": {
                    "expression": "{../../Date Range/Dropdown.props.value}\u003d\"custom\""
                  },
                  "type": "expr"
                }
              },
              "props.value": {
                "binding": {
                  "config": {
                    "expression": "switch({.../Date Range/Dropdown.props.value}, // this is so we can update every time the date range changes\r\n\"day\", \"week\", \"month\", \"alltime\", \"custom\", // possible values\r\nnow(0),\r\nnow(0),\r\nnow(0),\r\nnow(0),\r\nnow(0),\r\nnow(0))"
                  },
                  "type": "expr"
                }
              }
            },
            "props": {
              "format": "MM/DD/YYYY",
              "formattedValues": {
                "date": "08/12/2020"
              },
              "pickerType": "date",
              "style": {
                "borderRadius": "4px"
              }
            },
            "type": "ia.input.date-time-input"
          }
        ],
        "meta": {
          "name": "End Date"
        },
        "position": {
          "basis": "135px",
          "grow": 1
        },
        "propConfig": {
          "meta.visible": {
            "binding": {
              "config": {
                "expression": "{../Date Range/Dropdown.props.value}\u003d\"custom\""
              },
              "enabled": false,
              "type": "expr"
            }
          },
          "position.display": {
            "binding": {
              "config": {
                "expression": "{../Date Range/Dropdown.props.value}\u003d\"custom\""
              },
              "enabled": false,
              "type": "expr"
            }
          }
        },
        "props": {
          "direction": "column",
          "justify": "space-evenly",
          "style": {
            "marginRight": "10px",
            "overflow": "hidden"
          }
        },
        "type": "ia.container.flex"
      }
    ],
    "meta": {
      "name": "root"
    },
    "type": "ia.container.flex"
  }
}