{
  "custom": {},
  "events": {
    "system": {
      "onStartup": {
        "config": {
          "script": "\t# Create component parameters if they do not exist.\n\tif not \u0027exampleData\u0027 in self.params:\n\t\tself.params.exampleData \u003d False\n\n\tif not \u0027instanceID\u0027 in self.params:\n\t\tself.params.instanceID \u003d \u0027ModeTimeline\u0027\n\n\tif not \u0027update\u0027 in self.params:\n\t\tself.params.update \u003d {\u0027onChange\u0027: True}\n\n\tif not \u0027data\u0027 in self.params:\n\t\tself.params.data \u003d {}\n\n\tif not \u0027modes\u0027 in self.params:\n\t\tself.params.modes \u003d []\n\n\tif not \u0027range\u0027 in self.params:\n\t\tself.params.range \u003d {\u0027start\u0027: None, \u0027end\u0027: None}\n\t\n#\t# Load data on component startup\n#\tmessage \u003d \u0027loadData\u0027\t\n#\tpayload \u003d {\n#\t\t\t\u0027instanceID\u0027: self.params.instanceID\n#\t\t\t}\t\n#\tscope \u003d \u0027view\u0027\n#\tsystem.perspective.sendMessage(message, payload,scope\u003dscope)"
        },
        "scope": "G",
        "type": "script"
      }
    }
  },
  "params": {
    "data": {},
    "exampleData": false,
    "instanceID": "RW",
    "modes": [
      "value"
    ],
    "range": {
      "end": 1595707124,
      "start": 1577836800000
    },
    "update": {
      "onChange": true
    }
  },
  "propConfig": {
    "params.data": {
      "onChange": {
        "enabled": null,
        "script": "\t# If the \u0027Update/onChange\u0027 flag is set to true, update the chart\u0027s data.\n\tif (previousValue is None) or self.params.update.onChange:\n\t\t\tmessage \u003d \u0027modeTimeline_load\u0027\t\n\t\t\tpayload \u003d {\n\t\t\t\t\t\u0027instanceID\u0027: self.params.instanceID\n\t\t\t\t\t}\t\n\t\t\t\t\t\n\t\t\tsystem.perspective.sendMessage(message, payload)"
      },
      "paramDirection": "input",
      "persistent": true
    },
    "params.data.example": {
      "paramDirection": "input",
      "persistent": true
    },
    "params.data.example.events[0]": {
      "paramDirection": "input",
      "persistent": true
    },
    "params.data.example.events[1]": {
      "paramDirection": "input",
      "persistent": true
    },
    "params.data.example.machine_1": {
      "paramDirection": "input",
      "persistent": true
    },
    "params.data.example.machine_1.events": {
      "paramDirection": "input",
      "persistent": true
    },
    "params.data.example.machine_1.name": {
      "paramDirection": "input",
      "persistent": true
    },
    "params.data.example.machine_1[0].end": {
      "paramDirection": "input",
      "persistent": true
    },
    "params.data.example.machine_1[0].mode": {
      "paramDirection": "input",
      "persistent": true
    },
    "params.data.example.machine_1[0].start": {
      "paramDirection": "input",
      "persistent": true
    },
    "params.data.example.machine_1[1]": {
      "paramDirection": "input",
      "persistent": true
    },
    "params.data.example.machine_2": {
      "paramDirection": "input",
      "persistent": true
    },
    "params.data.example.machine_2.events[2]": {
      "paramDirection": "input",
      "persistent": true
    },
    "params.data.example.mode1[0]": {
      "paramDirection": "input",
      "persistent": true
    },
    "params.data.example[0]": {
      "paramDirection": "input",
      "persistent": true
    },
    "params.data.example[0].category": {
      "paramDirection": "input",
      "persistent": true
    },
    "params.data.example[0].end": {
      "paramDirection": "input",
      "persistent": true
    },
    "params.data.example[0].start": {
      "paramDirection": "input",
      "persistent": true
    },
    "params.data.example[1]": {
      "paramDirection": "input",
      "persistent": true
    },
    "params.data.machine_1.events[2]": {
      "paramDirection": "input",
      "persistent": true
    },
    "params.instanceID": {
      "paramDirection": "input",
      "persistent": true
    },
    "params.modes": {
      "paramDirection": "input",
      "persistent": true
    },
    "params.modes[0]": {
      "paramDirection": "input",
      "persistent": true
    },
    "params.modes[0].display": {
      "paramDirection": "input",
      "persistent": true
    },
    "params.modes[0].name": {
      "paramDirection": "input",
      "persistent": true
    },
    "params.modes[0].search": {
      "paramDirection": "input",
      "persistent": true
    },
    "params.modes[1]": {
      "paramDirection": "input",
      "persistent": true
    },
    "params.processUnitIDs[0]": {
      "paramDirection": "input",
      "persistent": true
    },
    "params.processUnitIDs[10]": {
      "paramDirection": "input",
      "persistent": true
    },
    "params.processUnitIDs[11]": {
      "paramDirection": "input",
      "persistent": true
    },
    "params.processUnitIDs[12]": {
      "paramDirection": "input",
      "persistent": true
    },
    "params.processUnitIDs[1]": {
      "paramDirection": "input",
      "persistent": true
    },
    "params.processUnitIDs[2]": {
      "paramDirection": "input",
      "persistent": true
    },
    "params.processUnitIDs[3]": {
      "paramDirection": "input",
      "persistent": true
    },
    "params.processUnitIDs[4]": {
      "paramDirection": "input",
      "persistent": true
    },
    "params.processUnitIDs[5]": {
      "paramDirection": "input",
      "persistent": true
    },
    "params.processUnitIDs[6]": {
      "paramDirection": "input",
      "persistent": true
    },
    "params.processUnitIDs[7]": {
      "paramDirection": "input",
      "persistent": true
    },
    "params.processUnitIDs[8]": {
      "paramDirection": "input",
      "persistent": true
    },
    "params.processUnitIDs[9]": {
      "paramDirection": "input",
      "persistent": true
    },
    "params.range": {
      "onChange": {
        "enabled": false,
        "script": "\t# If the \u0027Update/onChange\u0027 flag is set to true, update the chart\u0027s data.\n\tif (previousValue is None) or self.params.update.onChange:\n\t\tmessage \u003d \u0027modeTimeline_load\u0027\t\n\t\tpayload \u003d {\n\t\t\t\t\u0027instanceID\u0027: self.params.instanceID\n\t\t\t\t}\t\n\t\t\t\t\n\t\tsystem.perspective.sendMessage(message, payload)"
      },
      "paramDirection": "input",
      "persistent": true
    },
    "params.range.end": {
      "paramDirection": "input",
      "persistent": true
    },
    "params.range.start": {
      "paramDirection": "input",
      "persistent": true
    },
    "params.update.onChange": {
      "paramDirection": "input",
      "persistent": true
    }
  },
  "props": {
    "defaultSize": {
      "height": 500,
      "width": 995
    },
    "loading": {
      "mode": "blocking"
    }
  },
  "root": {
    "children": [
      {
        "meta": {
          "name": "XYChart"
        },
        "position": {
          "basis": "500px",
          "grow": 1
        },
        "propConfig": {
          "props.xAxes[0].date.range.max": {
            "binding": {
              "config": {
                "path": "view.params.range.end"
              },
              "type": "property"
            },
            "persistent": false
          },
          "props.xAxes[0].date.range.min": {
            "binding": {
              "config": {
                "path": "view.params.range.start"
              },
              "type": "property"
            },
            "persistent": false
          }
        },
        "props": {
          "background": {
            "opacity": 0
          },
          "cursor": {
            "lineX": {
              "stroke": {
                "color": "#5C97E0",
                "dashArray": "\u0027\u0027",
                "opacity": 0.2,
                "width": 6
              }
            },
            "lineY": {
              "enabled": false
            },
            "series": "cursor"
          },
          "dataSources": {},
          "enableTransitions": true,
          "legend": {
            "labels": {
              "font": {
                "color": "#CFCFCF",
                "weight": 100
              },
              "text": "{name}"
            }
          },
          "scrollBars": {
            "horizontal": {
              "enabled": false
            },
            "vertical": {
              "enabled": false
            }
          },
          "series": [
            {
              "candlestick": {
                "appearance": {
                  "deriveFieldsFromData": {
                    "fill": {
                      "color": "",
                      "opacity": ""
                    },
                    "stroke": {
                      "color": "",
                      "opacity": "",
                      "width": ""
                    }
                  },
                  "fill": {
                    "color": "",
                    "opacity": 1
                  },
                  "heatRules": {
                    "dataField": "",
                    "enabled": false,
                    "max": "",
                    "min": ""
                  },
                  "stacked": false,
                  "stroke": {
                    "color": "",
                    "opacity": 1,
                    "width": 1
                  }
                },
                "high": {
                  "x": "",
                  "y": ""
                },
                "low": {
                  "x": "",
                  "y": ""
                },
                "open": {
                  "x": "",
                  "y": ""
                }
              },
              "column": {
                "appearance": {
                  "deriveFieldsFromData": {
                    "fill": {
                      "color": "",
                      "opacity": ""
                    },
                    "stroke": {
                      "color": "",
                      "opacity": "",
                      "width": ""
                    }
                  },
                  "fill": {
                    "color": "",
                    "opacity": 1
                  },
                  "heatRules": {
                    "dataField": "",
                    "enabled": false,
                    "max": "",
                    "min": ""
                  },
                  "height": 25,
                  "stacked": true,
                  "stroke": {
                    "color": "",
                    "opacity": 0,
                    "width": 0
                  },
                  "width": 25
                },
                "open": {
                  "x": "start",
                  "y": ""
                }
              },
              "data": {
                "source": "",
                "x": "end",
                "y": "unit"
              },
              "defaultState": {
                "visible": true
              },
              "hiddenInLegend": false,
              "label": {
                "text": ""
              },
              "line": {
                "appearance": {
                  "bullets": [
                    {
                      "deriveFieldsFromData": {
                        "fill": {
                          "color": "",
                          "opacity": ""
                        },
                        "rotation": "",
                        "stroke": {
                          "color": "",
                          "opacity": "",
                          "width": ""
                        }
                      },
                      "enabled": false,
                      "fill": {
                        "color": "",
                        "opacity": 1
                      },
                      "heatRules": {
                        "dataField": "",
                        "enabled": false,
                        "max": 100,
                        "min": 2
                      },
                      "height": 10,
                      "label": {
                        "position": {
                          "dx": 0,
                          "dy": 0
                        },
                        "text": "{value}"
                      },
                      "render": "circle",
                      "rotation": 0,
                      "stroke": {
                        "color": "",
                        "opacity": 1,
                        "width": 1
                      },
                      "tooltip": {
                        "background": {
                          "color": "",
                          "opacity": 1
                        },
                        "cornerRadius": 3,
                        "enabled": true,
                        "pointerLength": 4,
                        "text": "{name}: [bold]{valueY}[/]"
                      },
                      "width": 10
                    }
                  ],
                  "connect": true,
                  "fill": {
                    "color": "",
                    "opacity": 0
                  },
                  "minDistance": 0.5,
                  "stroke": {
                    "color": "",
                    "dashArray": "",
                    "opacity": 1,
                    "width": 3
                  },
                  "tensionX": 1,
                  "tensionY": 1
                },
                "open": {
                  "x": "",
                  "y": ""
                }
              },
              "name": "",
              "render": "column",
              "stepLine": {
                "appearance": {
                  "bullets": [
                    {
                      "deriveFieldsFromData": {
                        "fill": {
                          "color": "",
                          "opacity": ""
                        },
                        "rotation": "",
                        "stroke": {
                          "color": "",
                          "opacity": "",
                          "width": ""
                        }
                      },
                      "enabled": true,
                      "fill": {
                        "color": "",
                        "opacity": 1
                      },
                      "heatRules": {
                        "dataField": "",
                        "enabled": false,
                        "max": 100,
                        "min": 2
                      },
                      "height": 10,
                      "label": {
                        "position": {
                          "dx": 0,
                          "dy": 0
                        },
                        "text": "{value}"
                      },
                      "render": "circle",
                      "rotation": 0,
                      "stroke": {
                        "color": "",
                        "opacity": 1,
                        "width": 1
                      },
                      "tooltip": {
                        "background": {
                          "color": "",
                          "opacity": 1
                        },
                        "cornerRadius": 3,
                        "enabled": true,
                        "pointerLength": 4,
                        "text": "{name}: [bold]{valueY}[/]"
                      },
                      "width": 10
                    }
                  ],
                  "connect": true,
                  "fill": {
                    "color": "",
                    "opacity": 0
                  },
                  "minDistance": 0.5,
                  "stroke": {
                    "color": "",
                    "dashArray": "",
                    "opacity": 1,
                    "width": 3
                  },
                  "tensionX": 1,
                  "tensionY": 1
                },
                "open": {
                  "x": "",
                  "y": ""
                }
              },
              "tooltip": {
                "background": {
                  "color": "",
                  "opacity": 1
                },
                "cornerRadius": 3,
                "enabled": true,
                "pointerLength": 4,
                "text": "[bold]{name}:[/]\n [light]{start.formatDate(\u0027EEEE M/d, hh:mm a\u0027)}[/] [bold]to[/] [light]{end.formatDate(\u0027EEEE M/d, hh:mm a\u0027)}[/]"
              },
              "visible": true,
              "xAxis": "time",
              "yAxis": "processUnit",
              "zIndex": 0
            },
            {
              "candlestick": {
                "appearance": {
                  "deriveFieldsFromData": {
                    "fill": {
                      "color": "",
                      "opacity": ""
                    },
                    "stroke": {
                      "color": "",
                      "opacity": "",
                      "width": ""
                    }
                  },
                  "fill": {
                    "color": "",
                    "opacity": 1
                  },
                  "heatRules": {
                    "dataField": "",
                    "enabled": false,
                    "max": "",
                    "min": ""
                  },
                  "stacked": false,
                  "stroke": {
                    "color": "",
                    "opacity": 1,
                    "width": 1
                  }
                },
                "high": {
                  "x": "",
                  "y": ""
                },
                "low": {
                  "x": "",
                  "y": ""
                },
                "open": {
                  "x": "",
                  "y": ""
                }
              },
              "column": {
                "appearance": {
                  "deriveFieldsFromData": {
                    "fill": {
                      "color": "",
                      "opacity": ""
                    },
                    "stroke": {
                      "color": "",
                      "opacity": "",
                      "width": ""
                    }
                  },
                  "fill": {
                    "color": "",
                    "opacity": 1
                  },
                  "heatRules": {
                    "dataField": "",
                    "enabled": false,
                    "max": "",
                    "min": ""
                  },
                  "height": 25,
                  "stacked": true,
                  "stroke": {
                    "color": "",
                    "opacity": 0,
                    "width": 0
                  },
                  "width": 25
                },
                "open": {
                  "x": "start",
                  "y": ""
                }
              },
              "data": {
                "source": "cursor",
                "x": "end",
                "y": "unit"
              },
              "defaultState": {
                "visible": true
              },
              "hiddenInLegend": true,
              "label": {
                "text": "cursor"
              },
              "line": {
                "appearance": {
                  "bullets": [
                    {
                      "deriveFieldsFromData": {
                        "fill": {
                          "color": "",
                          "opacity": ""
                        },
                        "rotation": "",
                        "stroke": {
                          "color": "",
                          "opacity": "",
                          "width": ""
                        }
                      },
                      "enabled": false,
                      "fill": {
                        "color": "",
                        "opacity": 1
                      },
                      "heatRules": {
                        "dataField": "",
                        "enabled": false,
                        "max": 100,
                        "min": 2
                      },
                      "height": 10,
                      "label": {
                        "position": {
                          "dx": 0,
                          "dy": 0
                        },
                        "text": "{value}"
                      },
                      "render": "circle",
                      "rotation": 0,
                      "stroke": {
                        "color": "",
                        "opacity": 1,
                        "width": 1
                      },
                      "tooltip": {
                        "background": {
                          "color": "",
                          "opacity": 1
                        },
                        "cornerRadius": 3,
                        "enabled": true,
                        "pointerLength": 4,
                        "text": "{name}: [bold]{valueY}[/]"
                      },
                      "width": 10
                    }
                  ],
                  "connect": true,
                  "fill": {
                    "color": "",
                    "opacity": 0
                  },
                  "minDistance": 0.5,
                  "stroke": {
                    "color": "",
                    "dashArray": "",
                    "opacity": 1,
                    "width": 3
                  },
                  "tensionX": 1,
                  "tensionY": 1
                },
                "open": {
                  "x": "",
                  "y": ""
                }
              },
              "name": "cursor",
              "render": "column",
              "stepLine": {
                "appearance": {
                  "bullets": [
                    {
                      "deriveFieldsFromData": {
                        "fill": {
                          "color": "",
                          "opacity": ""
                        },
                        "rotation": "",
                        "stroke": {
                          "color": "",
                          "opacity": "",
                          "width": ""
                        }
                      },
                      "enabled": true,
                      "fill": {
                        "color": "",
                        "opacity": 1
                      },
                      "heatRules": {
                        "dataField": "",
                        "enabled": false,
                        "max": 100,
                        "min": 2
                      },
                      "height": 10,
                      "label": {
                        "position": {
                          "dx": 0,
                          "dy": 0
                        },
                        "text": "{value}"
                      },
                      "render": "circle",
                      "rotation": 0,
                      "stroke": {
                        "color": "",
                        "opacity": 1,
                        "width": 1
                      },
                      "tooltip": {
                        "background": {
                          "color": "",
                          "opacity": 1
                        },
                        "cornerRadius": 3,
                        "enabled": true,
                        "pointerLength": 4,
                        "text": "{name}: [bold]{valueY}[/]"
                      },
                      "width": 10
                    }
                  ],
                  "connect": true,
                  "fill": {
                    "color": "",
                    "opacity": 0
                  },
                  "minDistance": 0.5,
                  "stroke": {
                    "color": "",
                    "dashArray": "",
                    "opacity": 1,
                    "width": 3
                  },
                  "tensionX": 1,
                  "tensionY": 1
                },
                "open": {
                  "x": "",
                  "y": ""
                }
              },
              "tooltip": {
                "background": {
                  "color": "",
                  "opacity": 1
                },
                "cornerRadius": 3,
                "enabled": true,
                "pointerLength": 4,
                "text": "[bold]{name}:[/]\n [light]{start.formatDate(\u0027EEEE M/d, hh:mm a\u0027)}[/] [bold]to[/] [light]{end.formatDate(\u0027EEEE M/d, hh:mm a\u0027)}[/]"
              },
              "visible": false,
              "xAxis": "time",
              "yAxis": "processUnit",
              "zIndex": 0
            }
          ],
          "style": {
            "overflow": "visible"
          },
          "xAxes": [
            {
              "appearance": {
                "font": {
                  "size": "",
                  "weight": 500
                },
                "grid": {
                  "color": "",
                  "dashArray": "",
                  "minDistance": 100,
                  "opacity": 1,
                  "position": 0.5
                },
                "inside": false,
                "labels": {
                  "color": "#000000",
                  "opacity": 1,
                  "rotation": 0,
                  "wrap": true
                },
                "opposite": false
              },
              "category": {
                "break": {
                  "enabled": false,
                  "endCategory": "",
                  "size": 0.05,
                  "startCategory": ""
                }
              },
              "date": {
                "baseInterval": {
                  "count": 1,
                  "enabled": false,
                  "skipEmptyPeriods": false,
                  "timeUnit": "day"
                },
                "break": {
                  "enabled": false,
                  "endDate": "",
                  "size": 0.05,
                  "startDate": ""
                },
                "format": "M/d HH:mm",
                "inputFormat": "yyyy-m-d HH:mm:ss",
                "range": {
                  "useStrict": false
                }
              },
              "inversed": false,
              "label": {
                "color": "#CFCFCF",
                "enabled": true,
                "text": "Time"
              },
              "name": "time",
              "render": "date",
              "tooltip": {
                "background": {
                  "color": "",
                  "opacity": 1
                },
                "cornerRadius": 3,
                "enabled": true,
                "pointerLength": 4,
                "text": "[bold]{value.formatDate(\u0027EEEE M/d, hh:mm a\u0027)}[/]"
              },
              "value": {
                "break": {
                  "enabled": false,
                  "endValue": 100,
                  "size": 0.05,
                  "startValue": 0
                },
                "format": "#,###.##",
                "logarithmic": false,
                "range": {
                  "max": "",
                  "min": "",
                  "useStrict": false
                }
              },
              "visible": true
            }
          ],
          "yAxes": [
            {
              "appearance": {
                "font": {
                  "size": "",
                  "weight": 500
                },
                "grid": {
                  "color": "",
                  "dashArray": "4,4",
                  "minDistance": 0.05,
                  "opacity": 1,
                  "position": 0.05
                },
                "inside": false,
                "labels": {
                  "color": "#CFCFCF",
                  "opacity": 1,
                  "rotation": 0,
                  "wrap": true
                },
                "opposite": false
              },
              "category": {
                "break": {
                  "enabled": false,
                  "endCategory": "",
                  "size": 0,
                  "startCategory": ""
                }
              },
              "date": {
                "baseInterval": {
                  "count": 1,
                  "enabled": false,
                  "skipEmptyPeriods": false,
                  "timeUnit": "hour"
                },
                "break": {
                  "enabled": false,
                  "endDate": "",
                  "size": 0.05,
                  "startDate": ""
                },
                "format": "M/d/yyyy",
                "inputFormat": "yyyy-MM-dd kk:mm:ss",
                "range": {
                  "max": "",
                  "min": "",
                  "useStrict": false
                }
              },
              "inversed": true,
              "label": {
                "color": "#CFCFCF",
                "enabled": false,
                "text": "Process Unit"
              },
              "name": "processUnit",
              "render": "category",
              "tooltip": {
                "background": {
                  "color": "",
                  "opacity": 1
                },
                "cornerRadius": 3,
                "enabled": false,
                "pointerLength": 4,
                "text": ""
              },
              "value": {
                "break": {
                  "enabled": false,
                  "endValue": 100,
                  "size": 0.05,
                  "startValue": 0
                },
                "format": "#,###.##",
                "logarithmic": false,
                "range": {
                  "max": "",
                  "min": "",
                  "useStrict": false
                }
              },
              "visible": true
            }
          ]
        },
        "scripts": {
          "customMethods": [
            {
              "name": "buildSeries",
              "params": [
                "name",
                "datasource",
                "color",
                "visible"
              ],
              "script": "\tseries \u003d {\n\t\t  \"name\": name,\n\t\t  \"label\": {\n\t\t    \"text\": name\n\t\t  },\n\t\t  \"visible\": visible,\n\t\t  \"hiddenInLegend\": not visible,\n\t\t  \"defaultState\": {\n\t\t    \"visible\": True\n\t\t  },\n\t\t  \"data\": {\n\t\t    \"source\": datasource,\n\t\t    \"x\": \"end\",\n\t\t    \"y\": \"unit\"\n\t\t  },\n\t\t  \"xAxis\": \"time\",\n\t\t  \"yAxis\": \"processUnit\",\n\t\t  \"zIndex\": 0,\n\t\t  \"tooltip\": {\n\t\t    \"enabled\": True,\n\t\t    \"text\": \"[bold]{name}:[/]\\n [light]{start.formatDate(\u0027EEEE M/d, hh:mm a\u0027)}[/] [bold]to[/] [light]{end.formatDate(\u0027EEEE M/d, hh:mm a\u0027)}[/]\",\n\t\t    \"cornerRadius\": 3,\n\t\t    \"pointerLength\": 4,\n\t\t    \"background\": {\n\t\t      \"color\": \"\",\n\t\t      \"opacity\": 1\n\t\t    }\n\t\t  },\n\t\t  \"render\": \"column\",\n\t\t  \"candlestick\": {\n\t\t    \"open\": {\n\t\t      \"x\": \"\",\n\t\t      \"y\": \"\"\n\t\t    },\n\t\t    \"high\": {\n\t\t      \"x\": \"\",\n\t\t      \"y\": \"\"\n\t\t    },\n\t\t    \"low\": {\n\t\t      \"x\": \"\",\n\t\t      \"y\": \"\"\n\t\t    },\n\t\t    \"appearance\": {\n\t\t      \"fill\": {\n\t\t        \"color\": \"\",\n\t\t        \"opacity\": 1\n\t\t      },\n\t\t      \"stroke\": {\n\t\t        \"color\": \"\",\n\t\t        \"opacity\": 1,\n\t\t        \"width\": 1\n\t\t      },\n\t\t      \"stacked\": False,\n\t\t      \"deriveFieldsFromData\": {\n\t\t        \"fill\": {\n\t\t          \"color\": \"\",\n\t\t          \"opacity\": \"\"\n\t\t        },\n\t\t        \"stroke\": {\n\t\t          \"color\": \"\",\n\t\t          \"opacity\": \"\",\n\t\t          \"width\": \"\"\n\t\t        }\n\t\t      },\n\t\t      \"heatRules\": {\n\t\t        \"enabled\": False,\n\t\t        \"max\": \"\",\n\t\t        \"min\": \"\",\n\t\t        \"dataField\": \"\"\n\t\t      }\n\t\t    }\n\t\t  },\n\t\t  \"column\": {\n\t\t    \"open\": {\n\t\t      \"x\": \"start\",\n\t\t      \"y\": \"\"\n\t\t    },\n\t\t    \"appearance\": {\n\t\t      \"width\": 25,\n\t\t      \"height\": 75,\n\t\t      \"fill\": {\n\t\t        \"color\": color,\n\t\t        \"opacity\": 1\n\t\t      },\n\t\t      \"stroke\": {\n\t\t        \"color\": \"\",\n\t\t        \"opacity\": 0,\n\t\t        \"width\": 0\n\t\t      },\n\t\t      \"stacked\": True,\n\t\t      \"deriveFieldsFromData\": {\n\t\t        \"fill\": {\n\t\t          \"color\": \"\",\n\t\t          \"opacity\": \"\"\n\t\t        },\n\t\t        \"stroke\": {\n\t\t          \"color\": \"\",\n\t\t          \"opacity\": \"\",\n\t\t          \"width\": \"\"\n\t\t        }\n\t\t      },\n\t\t      \"heatRules\": {\n\t\t        \"enabled\": False,\n\t\t        \"max\": \"\",\n\t\t        \"min\": \"\",\n\t\t        \"dataField\": \"\"\n\t\t      }\n\t\t    }\n\t\t  },\n\t\t  \"line\": {\n\t\t    \"open\": {\n\t\t      \"x\": \"\",\n\t\t      \"y\": \"\"\n\t\t    },\n\t\t    \"appearance\": {\n\t\t      \"connect\": True,\n\t\t      \"tensionX\": 1,\n\t\t      \"tensionY\": 1,\n\t\t      \"minDistance\": 0.5,\n\t\t      \"stroke\": {\n\t\t        \"width\": 3,\n\t\t        \"opacity\": 1,\n\t\t        \"color\": \"\",\n\t\t        \"dashArray\": \"\"\n\t\t      },\n\t\t      \"fill\": {\n\t\t        \"color\": \"\",\n\t\t        \"opacity\": 0\n\t\t      },\n\t\t      \"bullets\": [\n\t\t        {\n\t\t          \"enabled\": False,\n\t\t          \"render\": \"circle\",\n\t\t          \"width\": 10,\n\t\t          \"height\": 10,\n\t\t          \"label\": {\n\t\t            \"text\": \"{value}\",\n\t\t            \"position\": {\n\t\t              \"dx\": 0,\n\t\t              \"dy\": 0\n\t\t            }\n\t\t          },\n\t\t          \"tooltip\": {\n\t\t            \"enabled\": True,\n\t\t            \"text\": \"{name}: [bold]{valueY}[/]\",\n\t\t            \"cornerRadius\": 3,\n\t\t            \"pointerLength\": 4,\n\t\t            \"background\": {\n\t\t              \"color\": \"\",\n\t\t              \"opacity\": 1\n\t\t            }\n\t\t          },\n\t\t          \"fill\": {\n\t\t            \"color\": \"\",\n\t\t            \"opacity\": 1\n\t\t          },\n\t\t          \"stroke\": {\n\t\t            \"color\": \"\",\n\t\t            \"width\": 1,\n\t\t            \"opacity\": 1\n\t\t          },\n\t\t          \"rotation\": 0,\n\t\t          \"deriveFieldsFromData\": {\n\t\t            \"fill\": {\n\t\t              \"color\": \"\",\n\t\t              \"opacity\": \"\"\n\t\t            },\n\t\t            \"stroke\": {\n\t\t              \"color\": \"\",\n\t\t              \"opacity\": \"\",\n\t\t              \"width\": \"\"\n\t\t            },\n\t\t            \"rotation\": \"\"\n\t\t          },\n\t\t          \"heatRules\": {\n\t\t            \"enabled\": False,\n\t\t            \"max\": 100,\n\t\t            \"min\": 2,\n\t\t            \"dataField\": \"\"\n\t\t          }\n\t\t        }\n\t\t      ]\n\t\t    }\n\t\t  },\n\t\t  \"stepLine\": {\n\t\t    \"open\": {\n\t\t      \"x\": \"\",\n\t\t      \"y\": \"\"\n\t\t    },\n\t\t    \"appearance\": {\n\t\t      \"connect\": True,\n\t\t      \"tensionX\": 1,\n\t\t      \"tensionY\": 1,\n\t\t      \"minDistance\": 0.5,\n\t\t      \"stroke\": {\n\t\t        \"width\": 3,\n\t\t        \"opacity\": 1,\n\t\t        \"color\": \"\",\n\t\t        \"dashArray\": \"\"\n\t\t      },\n\t\t      \"fill\": {\n\t\t        \"color\": \"\",\n\t\t        \"opacity\": 0\n\t\t      },\n\t\t      \"bullets\": [\n\t\t        {\n\t\t          \"enabled\": True,\n\t\t          \"render\": \"circle\",\n\t\t          \"width\": 10,\n\t\t          \"height\": 10,\n\t\t          \"label\": {\n\t\t            \"text\": \"{value}\",\n\t\t            \"position\": {\n\t\t              \"dx\": 0,\n\t\t              \"dy\": 0\n\t\t            }\n\t\t          },\n\t\t          \"tooltip\": {\n\t\t            \"enabled\": True,\n\t\t            \"text\": \"{name}: [bold]{valueY}[/]\",\n\t\t            \"cornerRadius\": 3,\n\t\t            \"pointerLength\": 4,\n\t\t            \"background\": {\n\t\t              \"color\": \"\",\n\t\t              \"opacity\": 1\n\t\t            }\n\t\t          },\n\t\t          \"fill\": {\n\t\t            \"color\": \"\",\n\t\t            \"opacity\": 1\n\t\t          },\n\t\t          \"stroke\": {\n\t\t            \"color\": \"\",\n\t\t            \"width\": 1,\n\t\t            \"opacity\": 1\n\t\t          },\n\t\t          \"rotation\": 0,\n\t\t          \"deriveFieldsFromData\": {\n\t\t            \"fill\": {\n\t\t              \"color\": \"\",\n\t\t              \"opacity\": \"\"\n\t\t            },\n\t\t            \"stroke\": {\n\t\t              \"color\": \"\",\n\t\t              \"opacity\": \"\",\n\t\t              \"width\": \"\"\n\t\t            },\n\t\t            \"rotation\": \"\"\n\t\t          },\n\t\t          \"heatRules\": {\n\t\t            \"enabled\": False,\n\t\t            \"max\": 100,\n\t\t            \"min\": 2,\n\t\t            \"dataField\": \"\"\n\t\t          }\n\t\t        }\n\t\t      ]\n\t\t    }\n\t\t  }\n\t\t}\n\t\n\treturn series"
            }
          ],
          "messageHandlers": [
            {
              "messageType": "modeTimeline_unload",
              "pageScope": true,
              "script": "\t# Check that the message is intended for this instance ID\n\tif payload:\n\t\tpayloadInstanceID \u003d payload[\u0027instanceID\u0027] if \u0027instanceID\u0027 in payload else -1\n\t\t\n\t\tif payloadInstanceID \u003d\u003d self.view.params.instanceID:\n\t\t\t\t# Remove all datasources from the chart.\n\t\t\t\tself.props.dataSources \u003d {}\n\t\t\t\tself.props.series \u003d []",
              "sessionScope": false,
              "viewScope": false
            },
            {
              "messageType": "modeTimeline_load",
              "pageScope": true,
              "script": "\t# Check that the message is intended for this instance ID\n\tif payload:\n\t\tpayloadInstanceID \u003d payload[\u0027instanceID\u0027] if \u0027instanceID\u0027 in payload else -1\n\t\t\n\t\tif payloadInstanceID \u003d\u003d self.view.params.instanceID:\n\t\t\t\n\t\t\t\t# Goal: build a new datasources object along with matching series object.\n\t\t\t\tdataSources \u003d {}\n\t\t\t\tseries \u003d []\n\t\t\t\tlogger \u003d system.util.getLogger(\"logger\")\n\t\t\t\t\n\t\t\t\t# Controlling parameters\t\n\t\t\t\tdateStart \u003d self.view.params.range.start\n\t\t\t\tdateEnd \u003d self.view.params.range.end\n\t\t\t\tchartData \u003d self.view.params.data\n\t\t\t\tmodes \u003d self.view.params.modes\n\t\t\t\tcount \u003d 0\n\t\t\t\tlogger.info(\"SERIES BUILDER: From \" + str(dateStart) + \" to \" + str(dateEnd))\n\t\t\t\t# If the modes list is undefined, gather data for all the modes of all the given process units.\n\t\t\t\tif not (len(modes) \u003e 0):\n\t\t\t\t\tlogger.info(\"took mode if\")\n\t\t\t\t\tmodes \u003d []\n\t\t\t\t\t\t\t\t\n\t\t\t\t\t# Add the new modes to the modes list, only if they don\u0027t already exist.\n\t\t\t\t\tfor unit in chartData:\n\t\t\t\t\t\t\t\n\t\t\t\t\t\tfor event in chartData[unit][\u0027events\u0027]:\n\t\t\t\t\t\t\n\t\t\t\t\t\t\t# Read each mode.\n\t\t\t\t\t\t\tnewMode \u003d event[\u0027mode\u0027] if \u0027mode\u0027 in event else None\t\t\t\n\t\t\t\t\t\t\tif newMode:\n\t\t\t\n\t\t\t\t\t\t\t\tuniqueFlag \u003d True\n\t\t\t\t\t\t\t\t\n\t\t\t\t\t\t\t\tfor existingMode in modes:\n\t\t\t\t\t\t\t\t\tif newMode \u003d\u003d existingMode[\u0027name\u0027]:\n\t\t\t\t\t\t\t\t\t\tuniqueFlag \u003d False\n\t\t\t\t\t\t\t\t\t\tbreak\n\t\t\t\t\t\t\t\t\t\t\n\t\t\t\t\t\t\t\tif uniqueFlag \u003d\u003d True:\n\t\t\t\t\t\t\t\t\tmodes.append(\n\t\t\t\t\t\t\t\t\t\t{\n\t\t\t\t\t\t\t\t\t\t\t\u0027name\u0027: newMode,\n\t\t\t\t\t\t\t\t\t\t\t\u0027color\u0027: \u0027\u0027\n\t\t\t\t\t\t\t\t\t\t}\n\t\t\t\t\t\t\t\t\t)\t\t\n\t\t\t\t\t\t\t\t\t\n\t\t\t\t# For each mode, build a new series.\n\t\t\t\t\n\t\t\t\tfor mode in modes:\n\t\t\t\t\t\n\t\t\t\t\t\n\t\t\t\t\tnewSeriesName \u003d mode[\u0027name\u0027].strip() if \u0027name\u0027 in mode else \u0027\u0027\n\t\t\t\t\tnewSeriesDatasource \u003d mode[\u0027name\u0027].replace(\u0027 \u0027, \u0027\u0027).replace(\u0027/\u0027, \u0027\u0027).lower() if \u0027name\u0027 in mode else \u0027\u0027\t\n\t\t\t\t\t\n\t\t\t\t\tnewSeriesColor \u003d mode[\u0027color\u0027]  if \u0027color\u0027 in mode else \u0027\u0027\n\t\t\t\n\t\t\t\t\tnewSeries \u003d self.buildSeries(newSeriesName, newSeriesDatasource, newSeriesColor, True)\n\t\t\t\t\t\n\t\t\t\t\tseries.append(newSeries)\n\t\t\t\t\t\n\t\t\t\t# Build a series for the dedicated cursor.\n\t\t\t\tseries.append(self.buildSeries(\u0027cursor\u0027, \u0027cursor\u0027, \u0027\u0027, False))\n\t\t\t\t\n\t\t\t\t# For each series, gather the data.\n\t\t\t\tfor s in series:\t\n\t\t\t\t\t\t\t\n\t\t\t\t\t# Controlling parameters\n\t\t\t\t\tseriesMode \u003d s[\u0027name\u0027]\n\t\t\t\t\tseriesEvents \u003d []\n\t\t\t\t\t\n\t\t\t\t\t# Build the data for each event.\n\t\t\t\t\tfor unit in chartData:\n\t\t\t\t\t\t\n\t\t\t\t\t\tunitSeriesEvents \u003d []\t\n\t\t\t\t\t\tfor event in chartData[unit][\u0027events\u0027]:\n\t\t\t\t\t\t\t\n\t\t\t\t\t\t\teventMode \u003d event[\u0027mode\u0027] if \u0027mode\u0027 in event else None\n\t\t\t\t\t\t\tif eventMode \u003d\u003d seriesMode:\n\t\t\t\t\t\t\t\t\t\t\t\n\t\t\t\t\t\t\t\tcurrentEvent \u003d {\n\t\t\t\t\t\t\t\t\t\u0027unit\u0027: chartData[unit][\u0027name\u0027] if \u0027name\u0027 in chartData[unit] else None,\n\t\t\t\t\t\t\t\t\t\u0027start\u0027: event[\u0027start\u0027] if \u0027start\u0027 in event else None,\n\t\t\t\t\t\t\t\t\t\u0027end\u0027: event[\u0027end\u0027] if \u0027end\u0027 in event else None\n\t\t\t\t\t\t\t\t}\n\t\t\t\t\t\t\t\t\n\t\t\t\t\t\t\t\tunitSeriesEvents.append(currentEvent)\n\t\t\t\t\t\t\t\n\t\t\t\t\t\t\t\t\n\t\t\t\t\t\t# If no series were created for a unit, put an empty data entry to enforce proper rendering.\n\t\t\t\t\t\t# This should not be required, but is needed because the property we need in the AMCharts Library isn\u0027t exposed by Ignition.\t\t\t\n\t\t\t\t\t\tif not (len(unitSeriesEvents) \u003e 0):\n\t\t\t\t\t\t\tcurrentEvent \u003d {\n\t\t\t\t\t\t\t\t\u0027unit\u0027: chartData[unit][\u0027name\u0027] if \u0027name\u0027 in chartData[unit] else None,\n\t\t\t\t\t\t\t\t\u0027start\u0027: 0,\n\t\t\t\t\t\t\t\t\u0027end\u0027: 1\n\t\t\t\t\t\t\t}\t\t\n\t\t\t\t\t\t\t\t\n\t\t\t\t\t\t\tunitSeriesEvents.append(currentEvent)\n\t\t\t\t\t\t\n\t\t\t\t\t\tseriesEvents.extend(unitSeriesEvents)\t\n\t\t\t\t\t\n\t\t\t\t\t# If the events exist for the series, create a datasource.\n\t\t\t\t\tif len(seriesEvents) \u003e 0:\n\t\t\t\t\t\tdataSources[s[\u0027data\u0027][\u0027source\u0027]] \u003d seriesEvents\t\t\t\n\t\t\t\t\n\t\t\t\t# Apply the new datasources/series to the chart.\n\t\t\t\tself.props.series \u003d series\n\t\t\t\tself.props.dataSources \u003d dataSources\n\t\t\t\n\t\t\t\n\t\t\t\t\t\t\n",
              "sessionScope": false,
              "viewScope": false
            }
          ]
        },
        "type": "ia.chart.xy"
      }
    ],
    "meta": {
      "name": "root"
    },
    "props": {
      "direction": "column",
      "style": {
        "overflow": "visible"
      }
    },
    "type": "ia.container.flex"
  }
}