{
  "custom": {},
  "params": {
    "module": "[MQTT Engine]Edge Nodes/Machines/BedfordPaper/NG4232622/EquipmentModules/RW17-00044",
    "today": 1597250469722
  },
  "propConfig": {
    "params.module": {
      "paramDirection": "input",
      "persistent": true
    },
    "params.today": {
      "paramDirection": "input",
      "persistent": true
    }
  },
  "props": {
    "loading": {
      "mode": "blocking"
    }
  },
  "root": {
    "children": [
      {
        "meta": {
          "name": "Table"
        },
        "position": {
          "basis": "400px",
          "grow": 1
        },
        "propConfig": {
          "props.data": {
            "binding": {
              "config": {
                "parameters": {
                  "module": "substring({view.params.module}, lastIndexOf({view.params.module}, \u0027/\u0027) + 1)",
                  "startDate": "{view.params.today} - 60*60*1000*24*35"
                },
                "queryPath": "Ribbon_total_Query",
                "returnFormat": "json"
              },
              "transforms": [
                {
                  "code": "\t# Return list and dictionary to track state times\n\tnewData \u003d []\n\tstateList \u003d {\u0027blocked\u0027: 0, \u0027starved\u0027: 0, \u0027faulted\u0027: 0, \u0027jogging\u0027: 0, \u0027running\u0027: 0, \u0027ready\u0027: 0}\n\t\t\n\t# Null check before accessing index\n\tif value \u003d\u003d None or len(value) \u003d\u003d 0:\n\t\treturn []\n\t\t\n\t# Variable declerations for use as pointers and data calculations\n\tcurrentDateTime \u003d value[0][\u0027t_stamp\u0027]\n\tcurrentState \u003d value[0]\n\tcurrentDate \u003d value[0][\u0027US_date\u0027]\n\tlastState \u003d None\n\tsecondsBetweenLast \u003d 0\n\tsecondsBetweenFirst \u003d 0\n\t\n\t# Loop through queried data\n\tfor currentEntry in value:\n\t\txcurrentDate \u003d currentEntry[\u0027US_date\u0027]\n\t\t# Verify that the current date has not changed\t\n\t\tif xcurrentDate \u003d\u003d currentDate:\n\t\t\t# Update pointer for most recent entry\n\t\t\tlastState \u003d currentEntry\n\t\t\t# Check for last entry in the table - allows most recent day to build incrementally\n\t\t\tif currentEntry[\u0027next_date\u0027] \u003d\u003d None:\n\t\t\t\tstateList[\u0027t_stamp\u0027] \u003d currentDate\n\t\t\t\tnewData.append(stateList)\n\t\t\t\tbreak\n\t\t\t# If same day, add the amount of time its in given state otherwise, next entry is new day\n\t\t\tif xcurrentDate \u003d\u003d currentEntry[\u0027next_date\u0027]:\n\t\t\t\tstateList \u003d BarChartMethods.stateTime(currentEntry, stateList, currentEntry[\u0027time_diff_seconds\u0027])\n\t\t\telse:\n\t\t\t\t# Null check \n\t\t\t\tif currentEntry[\u0027time_diff_seconds\u0027] \u003d\u003d None:\n\t\t\t\t\tbreak\n\t\t\t\t# Generate datetime objects and find time from last day entry to Midnight\n\t\t\t\telse:\n\t\t\t\t\tcurrentDateTimeObject \u003d system.date.fromMillis(currentEntry[\u0027t_stamp\u0027])\n\t\t\t\t\tnextMidnightDateTimeObject \u003d system.date.fromMillis(currentEntry[\u0027nextMidnight\u0027])\n\t\t\t\t\tsecondsBetweenLast \u003d system.date.secondsBetween(currentDateTimeObject, nextMidnightDateTimeObject)\n\t\t\t\t\tstateList \u003d BarChartMethods.stateTime(currentEntry, stateList, secondsBetweenLast)\t\n\t\t# Execute \u0027else\u0027 statement if start of a new day\n\t\telse:\n\t\t\t# Null check\n\t\t\tif currentEntry[\u0027time_diff_seconds\u0027] \u003d\u003d None:\n\t\t\t\tbreak\n\t\t\t\n\t\t\t# Update the statelist and append, before clearing it for the new day\t\n\t\t\tnewData.append({\u0027t_stamp\u0027: currentDate, \u0027running\u0027:stateList[\u0027running\u0027], \u0027ready\u0027: stateList[\u0027ready\u0027], \u0027jogging\u0027:stateList[\u0027jogging\u0027], \u0027blocked\u0027:stateList[\u0027blocked\u0027], \u0027starved\u0027:stateList[\u0027starved\u0027], \u0027faulted\u0027:stateList[\u0027faulted\u0027]})\n\t\t\tstateList \u003d dict.fromkeys(stateList, 0)\n\t\t\t# Find time in state between Midnight and first entry of the day\n\t\t\tcurrentDateTimeObject \u003d system.date.fromMillis(currentEntry[\u0027t_stamp\u0027])\n\t\t\tmidnightDateTimeObject \u003d system.date.fromMillis(currentEntry[\u0027midnight\u0027])\n\t\t\tsecondsBetweenFirst \u003d system.date.secondsBetween(midnightDateTimeObject, currentDateTimeObject)\n\t\t\t# Update statelist using time between first entry\n\t\t\tstateList \u003d BarChartMethods.stateTime(lastState, stateList, secondsBetweenFirst)\n\t\t\t# Update statelist using time on the first entry\n\t\t\tstateList \u003d BarChartMethods.stateTime(currentEntry, stateList, currentEntry[\u0027time_diff_seconds\u0027])\n\t\t\t# Update pointers\n\t\t\tlastState \u003d currentEntry\n\t\t\tcurrentState \u003d currentEntry\n\t\t\tcurrentDate \u003d xcurrentDate\n\t\t\tcurrentDateTime \u003d currentEntry[\u0027t_stamp\u0027]\n\t# Return the formatted data in the form of a list of dictionaries\t\t\n\treturn newData\n",
                  "type": "script"
                },
                {
                  "code": "\t\n\timport datetime\n\t\n\tlastMonth \u003d []\n\ttoday \u003d self.view.params.today / 1000 #get the date into seconds instead of millis\n\ttodayDatetime \u003d datetime.date.fromtimestamp(today) #go from timestamp in seconds to a date object\n\t\n\tdayOfWeek \u003d todayDatetime.weekday() # get the day of the week with monday being 0\n\tcount \u003d 0\n\t#the count in this while loop determines the number of weeks that are displayed (number of rows)\n\twhile count \u003c 5:\n\t\tstartOfWeek \u003d todayDatetime - datetime.timedelta(days \u003d ((dayOfWeek + 1) +  7 * count)) #subtract 7 * count from the todays date to get the start of each week\n\t\tendOfWeek \u003d startOfWeek + datetime.timedelta(days\u003d 7 ) # subtract 7 days from the start to get the end\n\t\tcurrWeek \u003d {count: {\u0027start\u0027: startOfWeek, \u0027end\u0027: endOfWeek }} # save that start and end in a dictionary with the corresponding week number for later\n\t\tlastMonth.append(currWeek) #append to a list that will hold all weeks\n\t\tcount \u003d count + 1 # incrememnt count until all desired weeks have been done\n\t\n\tweekTotals \u003d []\n\tfullModule \u003d self.view.params.module\n\tspecificModule \u003d fullModule.split(\"/\")\n\t# prepare a list that is the same length as lastMonth list with the necesary categories\n\tfor week in lastMonth:\n\t\tweekTotals.append({\u0027RUNNING\u0027: 0, \u0027READY\u0027: 0, \u0027BLOCKED\u0027: 0, \u0027FAULTED\u0027: 0, \u0027STARVED\u0027: 0, \u0027JOGGING\u0027: 0, \u0027MODULE\u0027: \"RW\"})\n\t\n\t \n\tfor day in value:\n\t\tweekNum \u003d 0\n\t\t# now for each day from previous transform get the date into a python date object\n\t\tdate \u003d datetime.datetime.strptime(day[\u0027t_stamp\u0027], \"%m/%d/%Y\").date()\n\t\t#for that given day\n\t\tfor week in lastMonth:\n\t\t\t#check if it is between the date ranges of each of the weeks in the lastMonth list\n\t\t\tif week[weekNum][\u0027start\u0027] \u003c\u003d date \u003c\u003d week[weekNum][\u0027end\u0027]:\n\t\t\t\t\t\t#if it is in that range then add the totals for that day to the week totals for that week\t\n\t\t\t\t\t\tweekTotals[weekNum][\u0027RUNNING\u0027] +\u003d day[\u0027running\u0027]\n\t\t\t\t\t\tweekTotals[weekNum][\u0027READY\u0027] +\u003d day[\u0027ready\u0027]\n\t\t\t\t\t\tweekTotals[weekNum][\u0027BLOCKED\u0027] +\u003d day[\u0027blocked\u0027]\n\t\t\t\t\t\tweekTotals[weekNum][\u0027FAULTED\u0027] +\u003d day[\u0027faulted\u0027]\n\t\t\t\t\t\tweekTotals[weekNum][\u0027STARVED\u0027] +\u003d day[\u0027starved\u0027]\n\t\t\t\t\t\tweekTotals[weekNum][\u0027JOGGING\u0027] +\u003d day[\u0027jogging\u0027]\n\n\t\t\t\t\t\tbreak\n\t\t\t#if not in that range increment the week number and try again\n\t\t\tweekNum \u003d weekNum + 1\n\t\t\t\n\t#at this point all of the indivdiual parts of the data have been built. Now the final list needs to be assembled\n\ttoReturn \u003d []\n\tweekNum \u003d 0\n\t#loop through last month \n\tfor week in lastMonth:\n\t\trowData \u003d {}\n\t\t#get the start and end and change them to be a string\n\t\tstartString \u003d week[weekNum][\u0027start\u0027].strftime(\u0027%m/%d\u0027)\n\t\tendString \u003d week[weekNum][\u0027end\u0027].strftime(\u0027%m/%d\u0027)\n\t\tweekString \u003d startString + \" - \" + endString \n\t\t#make a dictianry for each row with the week info and the data for the corresponding week\n\t\trowData \u003d {\u0027Week\u0027 : weekString, \u0027Data\u0027 : [weekTotals[weekNum]]}\n\t\ttoReturn.append(rowData)\n\t\t#increment weeknum until all weeks have been added to toReturn list\n\t\tweekNum \u003d weekNum + 1\n\t\n\t\n\treturn toReturn",
                  "type": "script"
                }
              ],
              "type": "query"
            }
          }
        },
        "props": {
          "columns": [
            {
              "align": "center",
              "boolean": "checkbox",
              "dateFormat": "MM/DD/YYYY",
              "editable": false,
              "field": "Week",
              "footer": {
                "align": "center",
                "justify": "left",
                "style": {
                  "classes": ""
                },
                "title": ""
              },
              "header": {
                "align": "center",
                "justify": "left",
                "style": {
                  "classes": ""
                },
                "title": ""
              },
              "justify": "auto",
              "number": "value",
              "numberFormat": "0,0.##",
              "progressBar": {
                "bar": {
                  "color": "#62A3F6",
                  "linecap": "round",
                  "width": 5
                },
                "max": 100,
                "track": {
                  "color": "#DADADA",
                  "linecap": "round",
                  "width": 2
                },
                "value": {
                  "color": "#7D7D7D",
                  "show": true
                }
              },
              "render": "auto",
              "resizable": true,
              "sort": "none",
              "sortable": false,
              "strictWidth": false,
              "style": {
                "classes": ""
              },
              "toggleSwitch": {
                "color": {
                  "selected": "#2196F3",
                  "unselected": "#FFFFFF"
                }
              },
              "viewParams": {},
              "viewPath": "",
              "visible": true,
              "width": 75
            },
            {
              "align": "center",
              "boolean": "checkbox",
              "dateFormat": "MM/DD/YYYY",
              "editable": false,
              "field": "Data",
              "footer": {
                "align": "center",
                "justify": "left",
                "style": {
                  "classes": ""
                },
                "title": ""
              },
              "header": {
                "align": "center",
                "justify": "left",
                "style": {
                  "classes": ""
                },
                "title": ""
              },
              "justify": "auto",
              "number": "value",
              "numberFormat": "0,0.##",
              "progressBar": {
                "bar": {
                  "color": "#62A3F6",
                  "linecap": "round",
                  "width": 5
                },
                "max": 100,
                "track": {
                  "color": "#DADADA",
                  "linecap": "round",
                  "width": 2
                },
                "value": {
                  "color": "#7D7D7D",
                  "show": true
                }
              },
              "render": "view",
              "resizable": true,
              "sort": "none",
              "sortable": false,
              "strictWidth": false,
              "style": {
                "classes": ""
              },
              "toggleSwitch": {
                "color": {
                  "selected": "#2196F3",
                  "unselected": "#FFFFFF"
                }
              },
              "viewParams": {},
              "viewPath": "Ribbon Chart/TotalRibbon",
              "visible": true,
              "width": 500
            }
          ],
          "pager": {
            "bottom": false
          }
        },
        "type": "ia.display.table"
      }
    ],
    "meta": {
      "name": "root"
    },
    "props": {
      "direction": "column"
    },
    "type": "ia.container.flex"
  }
}